type,name,notice,furigana
燃やせないごみ,アイロン台,,あ
燃やせないごみ,アコーディオンカーテン,,あ
収集できないもの,アゼナミ,農業用産廃・購入店・JAに相談,あ
燃やせるごみ,油,紙にしみこませるか、凝固剤で固める,あ
燃やせるごみ,油容器,油がついているのでプラスチック対象外,あ
燃やせるごみ,雨合羽,,あ
その他プラスチック,網状ネット みかんネット等,,あ
カン類,アルミ缶（飲料用）,つぶさないこと、蓋も缶類へ,あ
カン類,アルミ缶（菓子缶）,金属製の蓋は缶類へ プラ製トレーはプラスチックへ,あ
カン類,アルミ缶（食品用・缶詰缶）,つぶさないこと、蓋も缶類へ,あ
収集できないもの,アルミホイル・車用,処理困難物・専門業者に相談,あ
燃やせないごみ,アルミホイル アルミ箔,,あ
燃やせるごみ,アルミホイル芯、箱,,あ
燃やせないごみ,アルミホイル刃（金属）,,あ
燃やせないごみ,安全靴（作業用靴）,靴先に金属が入っているため,あ
燃やせないごみ,アンテナ,大きなものは自己搬入する,あ
燃やせないごみ,あんま機,大きなものは自己搬入する,あ
収集できないもの,石,自然に返す 処理困難物・専門業者に相談,い
燃やせるごみ,衣装箱（紙・木製・プラ製）,大きなものは自己搬入する,い
燃やせないごみ,衣装箱（金属）,大きなものは自己搬入する,い
燃やせるごみ,椅子（木・プラ製）,金属製は燃やせないごみへ 大きなものは自己搬入,い
収集できないもの,一輪車（ねこ車）,自己搬入する,い
燃やせないごみ,一輪車(遊具),,い
びん類,一升瓶（調味料・酒等）,割れたもの・汚れの落ちないものは燃やせないごみへ,い
燃やせないごみ,一升瓶（油用）,油がついているのでびん類対象外,い
燃やせないごみ,一升瓶ふた・王冠,プラマークの表示のあるものはプラスチックへ,い
燃やせないごみ,一斗缶,,い
収集できないもの,医薬品容器（医療機関専用）,医療系産廃・医療機関へ返却,い
燃やせるごみ,医療品容器・紙製（家庭用）,家庭で使用したものに限る,い
びん類,医療用容器・びん（家庭用）,家庭で使用したものに限る,い
その他プラスチック,医療用容器・プラ製（家庭用）,家庭で使用したものに限る,い
燃やせるごみ,衣類,,い
収集できないもの,衣類乾燥機,家電リサイクル法・家電取扱店に相談,い
燃やせるごみ,インシュリン用注射器・ノボペン,鉢は外す、本体のみ燃やせるごみへ 針は医療機関へ,い
燃やせるごみ,植木鉢、受け皿,陶器・金属製は燃やせないごみへ,う
燃やせないごみ,ベビーカー,,う
その他プラスチック,エアキャップ・エアパッキン（プチプチ）,,え
収集できないもの,エアコン（室内・室外機とも）,家電リサイクル法・家電取扱店に相談,え
収集できないもの,液晶テレビ,家電リサイクル法・家電取扱店に相談,え
燃やせるごみ,絵具・ペンキ,液状塗料、大量の絵具は処理できません,え
燃やせないごみ,絵具 チューブ（金属製）,,え
燃やせるごみ,絵具 チューブ（プラ製）,,え
燃やせないごみ,エレクトーン 電子オルガン,大きい物は自己搬入する,え
燃やせるごみ,塩化ビニール（PVC)管,,え
収集できないもの,エンジン（車等）,産業廃棄物・取扱店・専門業者に相談,え
収集できないもの,エンジンオイル,産業廃棄物・取扱店・専門業者に相談,え
収集できないもの,オイルヒーター（暖房器具）,処理困難物・難燃焼オイルを使用のため,え
収集できないもの,応接セット（ソファー）,自己搬入する,え
収集できないもの,オートバイ、自動二輪車,処理困難物・取扱店・専門業者に相談,え
収集できないもの,汚泥,処理困難物・取扱店・専門業者に相談,え
燃やせるごみ,おまる(プラ製）,,お
燃やせるごみ,おむつ,汚物は取り除く,お
燃やせるごみ,おもちゃ（紙・布・木。プラ製）,燃やせないごみ部分が多いものは燃やせないごみへ,お
収集できないもの,温水器,処理困難物・取扱店・専門業者に相談,お
燃やせないごみ,温度計,水銀氏用品は「水銀使用」と明記する,お
燃やせるごみ,カーテン,防火素材・燃やせないごみ性のものは燃やせないごみへ,か
燃やせないごみ,カーテンレール（金属製）,,か
燃やせるごみ,カーペット,,か
燃やせるごみ,電気カーペット,コードは切り取って燃やせないごみへ,か
燃やせるごみ,貝殻,,か
燃やせるごみ,カイロ（使い捨て）,水銀氏用品は「水銀使用」と明記する,か
燃やせないごみ,かき氷器,業務用は処理できません,か
燃やせるごみ,額縁（木製）,ガラス板は燃やせないごみへ,か
燃やせないごみ,傘,木製（番傘）は燃やせるごみへ,か
燃やせないごみ,ガスコンロ,電池は本体から外して燃やせないごみへ,か
収集できないもの,ガスボンベ,処理困難物・取扱店・専門業者に相談,か
燃やせないごみ,ガスレンジ,電池は本体から外して燃やせないごみへ,か
カン類,ガス缶、カセットボンベ,必ず穴を開ける,か
燃やせないごみ,カセット式コンロ,乾電池・カセットボンベを外す,か
燃やせるごみ,カセットテープ（ケースを含む）,,か
燃やせるごみ,カッパ・雨合羽,,か
その他プラスチック,カップ麺外装フィルム,,か
その他プラスチック,カップ麺（プラ製）具・スープの袋,汚れの落ちないものは燃やせるごみへ,か
燃やせるごみ,カップ麺（紙製）具・スープの袋,,か
その他プラスチック,カップ麺 容器・ふた（プラ製）,汚れの落ちないものは燃やせるごみへ,か
燃やせるごみ,カップ麺 容器・ふた（紙製）,,か
燃やせるごみ,カバン（革・布・プラ製）,金属製は燃やせないごみへ,か
燃やせるごみ,壁紙（紙製）,大量の壁紙は処理できません,か
燃やせるごみ,紙おむつ,汚物は取り除いて出す,か
燃やせないごみ,カミソリ,「危険」と明記する,か
紙パック・ダンボール・古新聞・古雑誌,紙パック、牛乳パック、酒パック,紙パックマークの表示がないもの内側がアルミ貼りは【燃やせるごみ】へ,か
燃やせるごみ,紙パック・アルミ貼り,,か
燃やせないごみ,カメラ・レンズ,,か
収集できないもの,火薬類（未使用の花火を含む）,危険物・取扱店・専門業者に相談,か
燃やせないごみ,カラオケセット,大きなものは自己搬入する,か
その他プラスチック,からし・わさびのチューブ,汚れの落ちないものは燃やせるごみへ,か
燃やせないごみ,ガラス製品,,か
燃やせるごみ,革製品（靴、バッグ等）,,か
収集できないもの,瓦,建築廃材・取扱店・専門業者に相談,か
カン類,飲料用缶（プルトップ缶）,つぶさないこと、フタも缶類へ,か
カン類,飲料用缶（ボトルタイプ）,つぶさないこと、フタも缶類へ,か
カン類,菓子缶,金属製のふたは缶類へ,か
カン類,粉ミルク缶,プラスチック製のふたはその他プラスチックへ,か
カン類,ガス缶、カセットボンベ,必ず穴を開ける,か
カン類,缶詰缶,つぶさないこと、ふたも缶類へ,か
カン類,スプレー缶,必ず穴を開ける,か
燃やせるごみ,緩衝材（発泡スチロール製）,,か
その他プラスチック,緩衝材（プラ製）（エアキャップ等）,,か
収集できないもの,乾燥機（衣類用）,家電リサイクル法・家電取扱店に相談,か
収集できないもの,乾燥機（農業用）,産業廃棄物・取扱店・専門業者に相談,か
燃やせるごみ,乾燥剤（シリカゲル・生石灰等）,,か
燃やせないごみ,乾電池（水銀不使用）,できるだけ販売店のリサイクル回収へ,か
燃やせないごみ,乾電池（水銀使用）,できるだけ販売店のリサイクル回収へ,か
燃やせないごみ,乾電池（ボタン式）,できるだけ販売店のリサイクル回収へ,か
燃やせるごみ,木・木の根・切り株,長さ1m・直径10cm以内にする,き
燃やせないごみ,キーボード（楽器）,大きなものは自己搬入する,き
燃やせるごみ,ギター（木製）,金属製は燃やせないごみへ,き
収集できないもの,揮発油類,処理困難物・取扱店・専門業者に相談,き
燃やせないごみ,給湯器(湯沸かし器）,,き
紙パック・ダンボール・古新聞・古雑誌,紙パック 牛乳パック・酒パック,紙パックマークの表示がないもの内側がアルミ貼りは【燃やせるごみ】へ,き
びん類,牛乳びん,できるだけ業者へ返却。割れたもの・汚れの落ちないものは【燃やせないごみ】へ,き
燃やせるごみ,牛乳びん ふた（紙製）,,き
その他プラスチック,牛乳びん ふた（プラ製）,汚れの落ちないものは燃やせるごみへ,き
紙パック・ダンボール・古新聞・古雑誌,教科書・参考書,,き
燃やせないごみ,鏡台・ドレッサー,大きなものは自己搬入する,き
燃やせるごみ,霧吹き・スプレー（家事用・植物用）,中身を空にして出す,き
燃やせないごみ,金魚鉢（ガラス製）,プラ製は燃やせるごみへ,き
収集できないもの,金庫（耐火式）,処理困難物・取扱店・専門業者に相談,き
燃やせないごみ,金庫（手提げ式）,耐火式金庫は処理できません,き
収集できないもの,クーラー・エアコン室内・室外機,家電リサイクル法・家電取扱店に相談,く
燃やせるごみ,クーラーボックス,,く
燃やせないごみ,草刈り機（小型機）,大型機は処理できません,く
燃やせるごみ,薬（錠剤・カプセル等）（家庭用）,農薬は処理できません,く
びん類,薬 びん（家庭用）,農薬びんは処理できません,く
その他プラスチック,薬 プラ製容器・ふた（家庭用）,家庭で使用したものに限る,く
その他プラスチック,薬包装シート・プラ製,家庭で使用したものに限る,く
燃やせるごみ,靴,,く
燃やせないごみ,靴 安全靴（作業用靴）,靴先に金属が入っているため,く
燃やせるごみ,クッションフロア,大量（産廃：建築廃材）は処理できません,く
収集できないもの,グラスウール・断熱材,産業廃棄物・取扱店・専門業者に相談,く
燃やせるごみ,クリーニングカバー（ビニール）,その他プラスチック対象外,く
燃やせないごみ,クリスタルガラス製品,びん類対象外,く
燃やせないごみ,車椅子,大きなものは自己搬入する,く
燃やせるごみ,グローブ　野球・ゴルフ等革製品,,く
燃やせないごみ,くわ：鍬,木製の柄のみは,く
燃やせないごみ,蛍光灯（棒状・円形）,できるだけ地域センター等に持ち込む　割れたものは燃やせないごみへ,け
燃やせないごみ,蛍光灯や電球の割れたもの,,け
燃やせるごみ,蛍光灯　外箱,段ボール製のは資源収集に,け
燃やせないごみ,携帯電話（充電器を含む）,できるだけ販売店のリサイクル回収へ,け
燃やせるごみ,ゲートボールスティック（木製）,金属製は燃やせないごみへ,け
燃やせないごみ,ゲーム機(テレビゲーム機）,大型機は処理できません,け
燃やせるごみ,ゲームソフト,家庭用に限る,け
収集できないもの,劇薬,危険物・取扱店・専門業者に相談,け
その他プラスチック,化粧品　外装（プラ製）,,け
びん類,化粧j品　びん（ガラス製）,割れたもの・汚れの落ちないものは燃やせないごみへ,け
その他プラスチック,化粧品　容器（プラ製）,汚れの落ちないものは燃やせるごみへ,け
その他プラスチック,化粧品　詰替用容器,汚れの落ちないものは燃やせるごみへ,け
燃やせないごみ,血圧計（家庭用）,水銀未使用のものに限る,け
収集できないもの,建築廃材,建築廃材・取扱店・専門業者に相談,け
収集できないもの,原動機付自転車　モペット,処理困難物・取扱店・専門業者に相談,け
収集できないもの,耕うん機　つめ,取扱店・専門業者に相談,こ
燃やせないごみ,工具・工具箱（金属製）,プラ製は燃やせるごみへ,こ
燃やせないごみ,コード・ドラム　テーブルタップ,,こ
紙パック・ダンボール・古新聞・古雑誌,コーヒー紙パック（飲料用）,マークの表示がにあもの　内側がアルミ貼りは燃やせるごみへ,こ
カン類,コーヒー缶（飲料用）,つぶさないこと、ふたも缶類,こ
カン類,コーヒー缶（レギュラー豆用）,プラ製のふたはその他プラスチックへ,こ
びん類,コーヒーびん（飲料用）,割れたもの・汚れの落ちないものは燃やせないごみへ,こ
びん類,コーヒーびん（インスタント用）,割れたもの・汚れの落ちないものは燃やせないごみへ,こ
その他プラスチック,コーヒー容器・袋　ふた（プラ製）,汚れの落ちないものは燃やせるごみへ,こ
ペットボトル,コーヒー　ペットボトル,汚れの落ちないものは燃やせるごみへ,こ
燃やせるごみ,ござ,大きなものは自己搬入する,こ
燃やせないごみ,こたつ,大きなものは自己搬入する,こ
燃やせるごみ,こたつ　天板,大きなものは自己搬入する,こ
燃やせないごみ,コップ（ガラス製・陶器）,,こ
燃やせるごみ,コップ（プラ製・使い捨て用）,,こ
燃やせないごみ,コップ（金属製）,紙製・木製・プラ製は燃やせるごみへ,こ
びん類,コップ型　びん（ワンカップ等）,割れたもの・汚れの落ちないものは燃やせないごみへ,こ
燃やせないごみ,粉引き・ミル,業務用は処理できません,こ
燃やせないごみ,コピー機（家庭用）,大型機は処理できません,こ
燃やせるごみ,ゴム長靴,,こ
燃やせるごみ,ゴムホース,1m以内に切断しおく,こ
燃やせないごみ,米びつ（金属製）,プラ製は燃やせるごみへ　大きなものは自己搬入する,こ
燃やせるごみ,米袋（紙製）,農業で使用しているものは処理できません,こ
その他プラスチック,米袋（ポリ袋）,農業で使用しているものは処理できません,こ
燃やせないごみ,ゴルフクラブ,dけいるだけ取扱店等に相談,こ
燃やせるごみ,ゴルフクラブバック,,こ
燃やせるごみ,ゴルフボール,,こ
収集できないもの,コンクリート,建築廃材・取扱店・専門業者に相談,こ
収集できないもの,コンクリートブロック,建築廃材・取扱店・専門業者に相談,こ
燃やせるごみ,コンテナボックス,金属製は燃やせないごみへ,こ
燃やせるごみ,コンパネ・ベニヤ板,大きなものは自己搬入する,こ
その他プラスチック,コンビ二弁当容器（プラ製）,汚れの落ちないものは燃やせるごみへ,こ
燃やせるごみ,コンポスト容器,大きなものは自己搬入する,こ
燃やせないごみ,コンロ（ガスコンロ）,電池は本体から外して燃やせないごみへ,こ
燃やせないごみ,コンロ（カセット式）,カセットボンベを外して出す,こ
燃やせないごみ,座椅子,金属の入っていないものは燃やせるごみへ,さ
燃やせるごみ,採尿パック・採尿袋,尿は便所へ捨てる,さ
燃やせるごみ,材木類　長さ1m直径10cm以内,大きなものは自己搬入する,さ
びん類,酒　コップ型びん（ワンカップ等）,割れたもの・汚れの落ちないものは燃やせないごみへ,さ
紙パック・ダンボール・古新聞・古雑誌,酒　紙パック,マークの表示がにあもの　内側がアルミ貼りは燃やせるごみへ,さ
びん類,酒　びん,割れたもの・汚れの落ちないものは燃やせないごみへ,さ
燃やせるごみ,座卓（木製）,大きなものは自己搬入する,さ
紙パック・ダンボール・古新聞・古雑誌,雑誌,ひもで十字にくくって出す,さ
カン類,殺虫剤　スプレー缶,必ず穴を開ける,さ
その他プラスチック,殺虫剤容器（プラ製）,汚れの落ちないものは燃やせるごみへ,さ
燃やせるごみ,サラダ油,紙にしみこませるか、凝固剤で固める,さ
燃やせないごみ,サラダ油　缶,油がついているので缶類対象外,さ
燃やせるごみ,サラダ油　プラ製容器,油がついているのでその他プラスチック対象外,さ
収集できないもの,酸素ボンベ,危険物・取扱店・専門業者に相談,さ
燃やせないごみ,三輪車,,さ
燃やせるごみ,CD・ケース含む　コンパクトディスク,,し
燃やせないごみ,CDプレイヤー　ラジカセ,大きなものは自己搬入する,し
燃やせないごみ,シェーバー・剃刀,ひげ・腕等,し
紙パック・ダンボール・古新聞・古雑誌,辞書・辞典,写真ページの多いものは燃やせるごみへ,し
燃やせないごみ,七輪：シチリン,,し
収集できないもの,室外機（エアコン用）,家電リサイクル法・家電取扱店に相談,し
燃やせないごみ,自転車,「不用品」と明記する,し
収集できないもの,自転車　原動機付　モペット,処理困難物・取扱店・専門業者に相談,し
燃やせないごみ,自転車　電動アシスト補助車,「不用品」と明記する,し
収集できないもの,シニアカー,処理困難物・取扱店・専門業者に相談,し
燃やせないごみ,芝刈り機（個人用）,大きなものは自己搬入する,し
収集できないもの,芝刈り機（業務用）,産業廃棄物・取扱店・専門業者に相談,し
燃やせるごみ,写真集・カタログ,写真ページの多いものは燃やせるごみへ,し
その他プラスチック,シャンプー・リンス容器,汚れの落ちないものは燃やせるごみへ,し
その他プラスチック,シャンプー等の詰め替え容器,汚れの落ちないものは燃やせるごみへ,し
その他プラスチック,シャンプー等ボトルポンプ部分,汚れの落ちないものは燃やせるごみへ,し
燃やせるごみ,ジュウタン：絨毯,大きなものは自己搬入する,し
燃やせないごみ,瞬間湯沸器,大きなものは自己搬入する,し
燃やせるごみ,消火器,リサイクル品・取扱店・専門業者に相談,し
燃やせるごみ,しょうのう・防虫剤,,し
燃やせないごみ,証明器具,蛍光灯はできるだけ地域センター等に持ち込む,し
その他プラスチック,食器トレー,プラ製は燃やせるごみへ,し
燃やせるごみ,除湿剤,,し
燃やせないごみ,食器　陶器・ガラス・金属製,木製・プラ製は燃やせるごみへ,し
収集できないもの,シルバーカー　電動車,処理困難物・取扱店・専門業者に相談,し
燃やせるごみ,人工芝,,し
紙パック・ダンボール・古新聞・古雑誌,新聞紙,広告は混入可,し
収集できないもの,シンナー,危険物・取扱店・専門業者に相談,し
収集できないもの,スレート（薄い板状の粘板岩）,建築廃材・取扱店・専門業者に相談,す
燃やせるごみ,炭（練炭・竹炭等）,,す
その他プラスチック,スプレー式 容器（プラ製）,汚れの落ちない物は燃やせるごみへ,す
その他プラスチック,スプレー缶ふた（プラ製）,,す
カン類,スプレー缶,必ず穴を開ける,す
その他プラスチック,ストロー外袋・プラ製,紙製は燃やせるごみへ,す
燃やせるごみ,ストロー,,す
燃やせないごみ,ストーブ,電池を外す、灯油タンクを空にする,す
燃やせないごみ,ステレオコンポ（オーディオデッキ）,大きなものは自己搬入する,す
カン類,スチール缶（食品用缶・缶詰缶）,つぶさないこと、ふたも缶類へ 一斗缶以上の大きさのものは燃やせないごみへ,す
カン類,スチール缶（飲料用）,つぶさないこと、ふたも缶類へ,す
カン類,スチール缶（菓子缶）,つぶさないこと、ふたも缶類へ 一斗缶以上の大きさのものは燃やせないごみへ 金属製のふたは、本体と一緒に缶類へ 仕切りなどのプラ製トレーはその他プラスチックへ,す
燃やせないごみ,スケート靴,,す
燃やせるごみ,スキー靴,金属部品を使用しているものは燃やせないごみへ,す
燃やせないごみ,スキー板 スノーボード,大きなものは自己搬入する,す
燃やせないごみ,水槽（ガラス製）,プラ製は燃やせるごみへ,す
燃やせないごみ,洗濯 物干し竿（金属製）,木製は燃やせるごみへ,せ
燃やせるごみ,洗濯ばさみ・ピンチ（プラ製）,金属製は燃やせないごみへ,せ
収集できないもの,洗濯機,家電リサイクル法・家電取扱店に相談,せ
燃やせるごみ,洗剤 計量カップ スプーン,,せ
収集できないもの,セメント,建築廃材・取扱店・専門業者に相談,せ
燃やせるごみ,接着剤 チューブ（プラ製）,洗うのが難しいのでその他プラスチック対象外,せ
燃やせないごみ,接着剤チューブ（金属製）,中身を使い切って出す,せ
燃やせないごみ,石油ストーブ ファンヒーター,電池を外す、灯油タンクを空にして出す,せ
燃やせるごみ,ソファー スプリングのない物,大きなものは自己搬入する,そ
収集できないもの,ソファー,,そ
燃やせないごみ,掃除機,大きなものは自己搬入する,そ
紙パック・ダンボール・古新聞・古雑誌,段ボール箱,ひどく汚れた物は燃やせるごみへ,た
収集できないもの,断熱材 グラスウール等,処理困難物・取扱店・専門業者に相談,た
収集できないもの,タンス：箪笥,自己搬入する,た
燃やせるごみ,たわし・棒たわし,,た
燃やせるごみ,棚・ラック（木製）,金属製は燃やせないごみへ,た
燃やせるごみ,立て簾：タテス,大きなものは自己搬入する,た
収集できないもの,畳：タタミ,自己搬入する,た
燃やせないごみ,卓上コンロ,,た
収集できないもの,タイル,建築廃材・取扱店・専門業者に相談,た
収集できないもの,タイヤホイール バイク・自動車用,処理困難物・取扱店・専門業者に相談,た
燃やせないごみ,タイヤチェーン（金属製）,,た
燃やせるごみ,タイヤ 自転車用・ねこ車用,リム・ホイールは燃やせないごみへ,た
収集できないもの,タイヤ 自転車用・ねこ車用よりも大きい物,処理困難物・取扱店・専門業者に相談,た
燃やせないごみ,耐熱ガラス,,た
収集できないもの,耐火金庫,処理困難物・取扱店・専門業者に相談,た
燃やせないごみ,体温計,水銀使用のものは『水銀使用』と明記,た
燃やせるごみ,チラシ,新聞紙と一緒に出す チラシのみは燃やせるごみへ,ち
その他プラスチック,チューブ容器（調味料等）,汚れの落ちないものは燃やせるごみへ,ち
収集できないもの,注射器・注射針,医療機関へ返却・専門業者に相談,ち
燃やせないごみ,茶碗（陶製）,,ち
燃やせないごみ,チャイルドシート・ベビーシート,プラ製は燃やせるごみへ,ち
カン類,茶筒缶,つぶさないこと,ち
燃やせないごみ,チェーン（自動車タイヤ用）,,ち
燃やせないごみ,釣り竿（金属製・グラスファイバー製）,木・プラ・カーボン製は燃やせるごみへ,つ
燃やせるごみ,机・テーブル（木製・プラ製）,金属・ガラス製は燃やせないごみへ 大きなものは自己搬入する,つ
燃やせないごみ,使い捨てライター,中身を空にして壊してガスを抜いて出す,つ
燃やせるごみ,使い捨てカイロ,水に浸してから出して下さい,つ
燃やせないごみ,電話機・携帯電話,携帯電話はできるだけ販売店のリサイクル回収へ,て
燃やせるごみ,天ぷら 油,紙にしみ込ませる、凝固剤で固める,て
燃やせないごみ,電動アシスト自転車 補助自転車,『不用品』と明記する バッテリーは不可,て
燃やせないごみ,電池（水銀使用）,できるだけ販売店のリサイクル回収へ 小袋等へ入れ『水銀使用』と明記,て
燃やせないごみ,電池（水銀不使用）,できるだけ販売店のリサイクル回収へ,て
燃やせないごみ,電子レンジ,大きなものは自己搬入する,て
燃やせないごみ,電球型 蛍光灯,蛍光管はできるだけ地域センター等に持込む,て
燃やせないごみ,電球,,て
燃やせないごみ,電気コード,,て
燃やせるごみ,電気カーペット・毛布,コードの部分は、切り取って燃やせないごみへ,て
収集できないもの,電気温水器,取扱店・専門業者に相談,て
収集できないもの,テレビ（液晶・プラズマ式）,家電リサイクル法・家電取扱店に相談,て
収集できないもの,テレビ（ブラウン管式）,家電リサイクル法・家電取扱店に相談,て
燃やせないごみ,手揚げ金庫,,て
燃やせないごみ,手押し車（金属製） 老人車、玩具,木・プラ製は燃やせるごみへ,て
燃やせるごみ,テーブル・机（木製・プラ）,金属・ガラス製は燃やせないごみへ 大きなものは自己搬入する,て
燃やせないごみ,DVDプレーヤー,,て
燃やせるごみ,DVD（ケースを含む）,,て
収集できないもの,ディスプレイ（パソコン用）,資源利用法・取扱店・専門業者に相談,て
燃やせるごみ,とろ箱（発泡スチロール製）,,と
その他プラスチック,トレー（発泡スチロール）,汚れの落ちないものは燃やせるごみへ,と
燃やせないごみ,塗料 空き缶,液状の中身が残っているものは処理できません,と
燃やせるごみ,塗料,液状塗料、大量の絵の具は処理できません,と
燃やせるごみ,トナーカートリッジ（家庭用）,できるだけ販売店のリサイクル回収へ,と
燃やせないごみ,トタン板・波板 金属製,大きなものは自己搬入する,と
燃やせるごみ,灯油 タンク ポリタンク,,と
燃やせないごみ,灯油缶・一斗缶（イットカン類）,,と
燃やせるごみ,透析バッグ（家庭用）,中身は捨ててから出す,と
燃やせないごみ,陶磁器,,と
燃やせるごみ,トイレブラシ,,と
燃やせるごみ,トイレ（プラ製） ポータブル・簡易式,大きなものは自己搬入する,と
燃やせないごみ,波板・トタン板,畦波（塩化ビニル等）は農業用産廃に該当するので処理できません,な
燃やせないごみ,生ごみ処理機,大きなものは自己搬入する,な
燃やせるごみ,生ごみ・残飯,水切りをして出す,な
燃やせないごみ,鍋焼きうどん・アルミ容器,,な
燃やせるごみ,長靴・ゴム長,,な
その他プラスチック,苗ポット,汚れの落ちないものは燃やせるごみへ,な
収集できないもの,苗箱（苗床）,農業用産廃・取扱店・専門業者に相談,な
その他プラスチック,入浴剤 袋・容器（プラ製）,汚れの落ちないものは燃やせるごみへ,に
カン類,入浴剤 缶,プラ製のふたはその他プラスチックへ,に
燃やせないごみ,ニカド電池,できるだけ販売店のリサイクル回収へ,に
燃やせないごみ,縫い針,,ぬ
燃やせるごみ,猫砂・ペット用トイレの砂,,ね
燃やせるごみ,ノポペン・インシュリン注射器,針は必ず外す、針は医療機関が回収,の
収集できないもの,ノートパソコン,資源利用法・製造メーカーに申し込む,の
収集できないもの,農薬容器,危険物・買入店・JAに相談,の
収集できないもの,農薬,危険物・取扱店・専門業者に相談,の
収集できないもの,農業用ビニール,農業用産廃・買入店・JAに相談,の
収集できないもの,農業機械,農業用産廃・買入店・JAに相談,の
燃やせるごみ,ハンドバッグ・鞄（皮革・布製）,,は
燃やせるごみ,ハンガー（木・プラ製）,金属製は燃やせないごみへ,は
燃やせるごみ,花火（使用済）,未使用のものは処理できません,は
収集できないもの,花火（未使用）・火薬,危険物・取扱店・専門業者に相談,は
その他プラスチック,発泡スチロール（トレー・容器）,汚れの落ちないものは燃やせるごみへ,は
燃やせるごみ,発泡スチロール（大型の緩衝材）,,は
収集できないもの,バッテリー,処理困難物・取扱店・専門業者に相談,は
燃やせるごみ,バッグ・鞄（皮革・布・プラ製）,金属製は燃やせないごみへ,は
燃やせるごみ,発煙筒（使用済みに限る）,危険物・未使用のものは処理できません,は
燃やせるごみ,バター容器ケース（プラ製）,洗うのが難しいのでその他プラスチック対象外,は
燃やせるごみ,バター容器チューブ,洗うのが難しいのでその他プラスチック対象外,は
燃やせないごみ,パソコン（マウス）,できるだけ、パソコン本体と一緒にリサイクルメーカーへ,は
収集できないもの,パソコン（ディスプレイ（液晶画面を含む））,資源利用法・製造メーカーに申し込む,は
燃やせないごみ,パソコン（キーボード）,できるだけ、パソコン本体と一緒にメーカーリサイクルへ,は
収集できないもの,パソコン（本体）,資源利用法・製造メーカーに申し込む,は
燃やせるごみ,バケツ（プラ製）,金属製は燃やせないごみへ,は
収集できないもの,ハウスビニール,農業用産廃・取扱店・専門業者に相談,は
収集できないもの,廃油（食用以外）,産業廃棄物・取扱店・専門業者に相談,は
燃やせるごみ,廃油（食用）,紙にしみ込ませる、凝固剤で固める,は
燃やせないごみ,パイプハンガー,大きなものは自己搬入する,は
収集できないもの,バイク,取扱店・専門業者に相談,は
燃やせるごみ,灰（線香の燃え残り等）,発火の恐れがないようにして出す,は
燃やせないごみ,びん・割れびん・ひびが入っているびん,,ひ
燃やせないごみ,びん（油用）,油がついているのでびん類対象外,ひ
びん類,びん（飲料・調味料用）,割れたもの・汚れの落ちないものは燃やせないごみへ,ひ
収集できないもの,肥料袋（農業用）,農業用産廃・買入店・JAに相談,ひ
その他プラスチック,肥料袋（家庭園芸用・プラ製）,汚れの落ちないものは燃やせるごみへ,ひ
燃やせるごみ,氷嚢・アイスノン,,ひ
その他プラスチック,ビニール袋・レジ袋,,ひ
収集できないもの,ビニールシート,農業用産廃・取扱店・専門業者に相談,ひ
燃やせないごみ,ビデオ デッキ,,ひ
燃やせないごみ,ビールびん（ふた）,,ひ
びん類,ビールびん,できるだけ販売店へ返却 割れたもの・汚れの落ちないものは燃やせないごみへ,ひ
燃やせるごみ,ビールケース,できるだけ販売店へ返却,ひ
カン類,ビール缶,つぶさないこと、ふたも缶類へ,ひ
燃やせるごみ,PPバンド（梱包用品）,,ひ
収集できないもの,噴霧器（農業用）,農業用産廃・取扱店・専門業者に相談,ふ
燃やせないごみ,噴霧器（家庭園芸用）,,ふ
収集できないもの,プロパンガスボンベ,危険物・取扱店・専門業者に相談,ふ
収集できないもの,ブロック（建築材）,建築廃材・取扱店・専門業者に相談,ふ
燃やせるごみ,風呂 ふた（木・プラ製）,,ふ
燃やせるごみ,ブルーシート,事業用は処理できません,ふ
燃やせるごみ,プリンタートナー（家庭用）,できるだけ販売店のリサイクル店へ,ふ
燃やせないごみ,プリンター（家庭用）,大型機は処理できません,ふ
燃やせるごみ,プランター・鉢（プラ製）,陶磁器製は燃やせないごみへ,ふ
燃やせるごみ,プラモデル,,ふ
燃やせるごみ,ブラインド（プラ・木製）,金属製は燃やせないごみへ 大きなものは自己搬入する,ふ
燃やせるごみ,布団・掛け布団・敷き布団,ひもで十字にくくって出す,ふ
燃やせないごみ,ファンヒーター,灯油タンクを空にする,ふ
燃やせないごみ,ファクシミリ（家庭用）,大型機は処理できません,ふ
その他プラスチック,弁当容器・パック等（プラ製）,イベント等で大量に出る場合は販売業者に引き取りをお願いする,へ
カン類,ペンキ スプレー缶,必ず穴を開ける,へ
燃やせないごみ,ペンキ 空缶,液状の中身が残っているものは処理できません,へ
燃やせるごみ,ベビー バス（ビニール・プラ製）,大きなものは自己搬入する,へ
燃やせないごみ,ベビーシート・チャイルドシート,,へ
燃やせないごみ,ベビーカー,大きなものは自己搬入する,へ
その他プラスチック,ペットボトルのふた・ラベル,水洗いしても汚れの落ちないものは燃やせるごみへ,へ
ペットボトル,ペットボトル（飲料・調味料用）,切断したものや汚れの落ちないものは燃やせるごみへ,へ
燃やせるごみ,ペット トイレ用砂（猫砂等）,,へ
収集できないもの,ベッド,,へ
カン類,ヘアスプレー缶,必ず穴を開ける キャップなどはその他プラスチックへ,へ
紙パック・ダンボール・古新聞・古雑誌,本,写真集・図鑑等の写真ページが多い本は燃やせるごみへ,ほ
燃やせるごみ,保冷剤,,ほ
燃やせるごみ,ポリバケツ,,ほ
収集できないもの,ポリタンク（農業用）,農業用産廃・取扱店・専門業者に相談,ほ
燃やせるごみ,ポリタンク（家庭用）（灯油用・水用）,中身を空にして出す,ほ
燃やせるごみ,ホットカーペット・電気カーペット,コードは切り取って燃やせないごみへ,ほ
燃やせないごみ,ボタン電池,できるだけ販売店のリサイクル回収へ,ほ
燃やせないごみ,歩行器（金属製）（幼児用・介護用品）,木製は燃やせるごみへ,ほ
燃やせるごみ,ボール紙,,ほ
燃やせるごみ,ポータブルトイレ（プラ製）,大きなものは自己搬入する,ほ
燃やせるごみ,ホース（ビニール）,１ｍ以内に切断しておく,ほ
燃やせるごみ,防腐剤（塗料・顔料等）,ホルマリン、ナフタリン等,ほ
燃やせないごみ,ボイラー（１ｍ以内のもの）,１ｍよりも大きなものは処理できません,ほ
収集できないもの,ホイール（自転車用）,処理困難物・取扱店・専門業者に相談,ほ
紙パック・ダンボール・古新聞・古雑誌,まんが雑誌・コミック本,ひもで十字にくくってだす,ま
収集できないもの,マルチ（農業用）,農業用産廃・取扱店専門業者に相談,ま
その他プラスチック,マヨネーズチューブ・キャップ,水洗いしても汚れの落ちないものは燃やせるごみへ,ま
燃やせるごみ,まな板（木製・プラ製）,,ま
燃やせないごみ,マッサージ機,大きなものは自己搬入する,ま
燃やせないごみ,マウス（パソコン用）,できるだけパソコン本体と一緒にメーカーのリサイクルへ,ま
燃やせるごみ,MD・ミニディスク（ケースを含む）,,み
その他プラスチック,味噌容器（プラ製）,水洗いしても汚れの落ちないものは燃やせるごみへ,み
燃やせないごみ,ミシン（家庭用）,業務用のものは処理できません,み
燃やせるごみ,むしろ・網代:アジロ,,む
燃やせるごみ,メガネケース,金属製は燃やせないごみへ,め
燃やせないごみ,メガネ（金属・ガラス使用）,プラ製は燃やせるごみへ,め
燃やせないごみ,物干しざお・竿（金属製）,木星は燃やせるごみへ,も
燃やせないごみ,餅つき機,大きなものは自己搬入する,も
燃やせるごみ,木材１ｍ以下,大きなものは自己搬入する,も
燃やせないごみ,モーター・電動機（家電機器用）,１ｋｗまで処理可 それ以上のものは処理できません,も
燃やせるごみ,毛布,,も
収集できないもの,薬品容器（家庭薬以外）,処理困難物・取扱店・専門業者に相談,や
びん類,薬品容器（びん）（家庭薬用に限る）,割れたもの・汚れの落ちないものは燃やせないごみへ,や
その他プラスチック,薬品容器（プラ製）（家庭薬用に限る）,水洗いしても汚れの落ちないものは燃やせるごみへ,や
燃やせないごみ,湯沸し器（瞬間湯沸し器）,,ゆ
燃やせるごみ,湯たんぽ（プラ製）,金属製は燃やせないごみへ,ゆ
燃やせるごみ,よしず:葦簾・ロールスクリーン,大きなものは自己搬入する,よ
燃やせるごみ,ランドセル（ビニール・皮革製）,,ら
ペットボトル,ラムネ ペットボトル,ビー玉は燃やせないごみ、ふたはその他プラスチックへ 水洗いしても、汚れの落ちないものは燃やせるごみへ,ら
びん類,ラムネ びん,割れたもの・汚れの落ちないものは燃やせないごみへ,ら
燃やせるごみ,ラップ外箱（食品包装用）,,ら
その他プラスチック,ラップ（食品包装用）,水洗いしても汚れの落ちないものは燃やせるごみへ,ら
燃やせるごみ,ラック（棚）（木・プラ製）,金属製は燃やせないごみへ 大きなものは自己搬入する,ら
燃やせないごみ,ラジオ・ラジカセ,,ら
収集できないもの,ラジエーター,処理困難物・取扱店・専門業者に相談,ら
燃やせないごみ,ライター（使い捨て）,中身を空にして壊してガスを抜いて出す,ら
燃やせないごみ,ライター,ガスを完全に抜く,ら
燃やせないごみ,リモコン,電池は本体から外して燃やせないごみへ,り
その他プラスチック,リップクリーム・グロス等チューブ容器,水洗いしても汚れの落ちないものは燃やせるごみへ,り
その他プラスチック,リップクリーム容器（プラ製）,水洗いしても汚れの落ちないものは燃やせるごみへ,り
燃やせるごみ,ルアー（釣具）,針は必ず外して燃やせないごみへ　本体のみ燃やせるごみへ,る
燃やせないごみ,レンジ・電子レンジ,大きなものは自己搬入する,れ
その他プラスチック,レジ袋,プラマークの表示がないものもあります,れ
収集できないもの,冷凍庫・冷凍ストッカー,家電リサイクル・家電取扱店に相談,れ
収集できないもの,冷蔵庫,家電リサイクル・家電取扱店に相談,れ
燃やせるごみ,ロールスクリーン・よしず（木・プラ製）,大きなものは自己搬入する,ろ
燃やせないごみ,ローラスケート・ローラーブレード,,ろ
燃やせるごみ,ローブ・ビニール・布等,,ろ
びん類,ワンカップびん（酒コップ等）,割れたもの・汚れの落ちないものは燃やせないごみへ,わ
燃やせないごみ,割れたびん・ガラス,,わ
燃やせるごみ,ワックス（家庭用・車用等）,業務用は処理できません,わ
収集できないもの,ワインクーラー（保冷庫）,家電リサイクル法・家電取扱店に相談,わ
燃やせないごみ,ワープロ,,わ
